key_one,key_two
Powertrain Engineer,中国 北京
Project Engineer at BMW-brilliance automotive,中国
CHASSIS CONTROL AND DRIVING ASSISTANT SYSTEM ENGINEER,中国
software engineer at BMW,中国 上海
Quality Engineer at BMW Brilliance Automotive,中国
BMW China - Total vehicle validation engineer,中国 北京
Civil Engineer,中国
Application Engineer at BMW Brilliance Automotive,中国 辽宁 沈阳
Senior Specialist Method Engineer BMW Brilliance Automotive Company,中国 辽宁 沈阳
Testing Engineer at BMW,中国
BMW Group China - Senior Product Engineer(Manager Function),中国 北京
Technical Support Engineer Body/Electrics at BMW China,中国 北京
Software developer at BMW Group,中国 上海
IT Support Engineer at BMW China,中国 北京
MECHATRONICS ENGINEER AT BMW CHINA,中国 辽宁 沈阳
Quality Engineer at BMW,中国 上海
E/E Test Engineer Chassis,中国 辽宁 沈阳
civil engineer at BMW Brilliance Automotive,中国 辽宁 沈阳
Engineer Technical Service EE&Body at BMW Group,中国 北京
"Manager at BMW Brilliance Automotive Ltd., Car Energy Management",中国
Support Engineer,中国 北京
Functional safety and OBD engineer at BMW Brilliance Automotive,中国 辽宁 沈阳
Technical Support Engineer at BMW Group,美国 旧金山湾区
Engineer at BMW (China) service,中国 北京
Software Engineer at BMW,美国 大芝加哥地区
Technical Support Engineer Powertrain at BMW China,中国 北京
BMW Group Engineer,德国 慕尼黑地区
Project Engineer Packaging Planning LK and LU by BMW Group,中国 辽宁 沈阳
Automotive Lab Engineer at BMW,中国
Supplier Quality Management Engineer at BMW China,中国 北京
Test engineer KI module at BMW Brilliance Automotive,中国 辽宁 沈阳
--,中国
BMW - Technical Support Specialist,中国 北京
Supplier Quality Engineer at BMW,中国 辽宁 沈阳
Automotive Engineer at BMW Group,德国 慕尼黑地区
Body in white engineer at BMW China,中国 北京
Daimler Greater China Ltd. - Senior Engineer,中国
Development Engineer,中国 辽宁 沈阳
Maintenance Engineer at BMW Group,英国 牛津
BMW China - Validation Engineer,中国 辽宁 沈阳
Engineer bei BMW Motorsport,德国 慕尼黑地区
Advanced System Integration Validation Engineer at BMW Brilliance Automotive,中国 辽宁 沈阳
--,中国
Supplier Quality Engineer at BMW Brilliance Automotive,中国 辽宁 沈阳
BMW China - Powertrain Validation Engineer,中国 辽宁 沈阳
Internship at BMW,中国 辽宁 沈阳
Junior Software Engineer - BMW Connected Drive Lab Shanghai,中国 上海
Software Engineer at JingChi.ai,中国 北京
--,中国
Senior Performance Engineer chez BMW Motorsport,德国 慕尼黑地区
BMW China - Module qulity engineer,中国 辽宁 沈阳
Autonomous Driving Engineer at BMW,台湾地区
Maintenance Engineer at BMW Brilliance Automotive,中国 辽宁 沈阳
Engineer at BMW Brilliance Automotive,中国
IT Support Engineer at BMW Group,中国 北京
BMW China - Powertrain Calibration Testing Engineer,中国 北京
After-sales technical support engineer at BMW (China),中国 北京
--,中国
--,中国
Big Data Engineer at BMW Group,德国 慕尼黑地区
BMW China - BMW Navigation Test Engineer,中国 北京
Senior engineer at BMW,中国
BMW China ― technical engineer,中国 北京
Cost Engineer bei BMW Brilliance Automotive,中国
Research And Development Engineer at BMW Group,德国 慕尼黑地区
Powertrain development engineer en BMW Group,德国 慕尼黑地区
Module Quality Engineer for Integrationmodules at BMW Group,德国
Controls Engineer at BMW Manufacturing,"Greenville, South Carolina Area"
大众汽车（中国） - PMO/Partner,中国 上海
Powertrain Validation Engineer at BMW China Services Ltd.,中国 北京
key account manager at Siemens,中国
BMW Brilliance Automative- QMT,中国 辽宁 沈阳
Production Engineer at BMW Group South Africa,南非 约翰内斯堡地区
Engineer at BMW Group,德国 慕尼黑地区
Metrology engineer at BMW,"Swindon, United Kingdom"
Project Engineer at BMW Group,德国 慕尼黑地区
Blockchain Engineer at BMW Group Asia,新加坡
Adv.HVAC engineer at BMW Group,中国 辽宁 沈阳
华晨宝马汽车有限公司 - Electrical Engineer,中国 辽宁 沈阳
Packaging Engineer at BMW,"Greenville, South Carolina Area"
Quality Engineer at BMW,"Greenville, South Carolina Area"
IT Manager ConnectedDrive APAC at BMW China,中国 北京
Software Engineer at BMW Group,美国 大芝加哥地区
Projektleiter Elektrotechnik,中国 辽宁 沈阳
Maintenance Engineer at BMW Group,英国 牛津
R&D Engineer,中国 江苏 苏州
Software Engineer at Weibo Corporation,中国 北京
Resident Engineer at BMW Brilliance Automotive,中国 辽宁 沈阳
Process Engineer at BMW Brilliance Automotive,中国 辽宁 沈阳
Support Engineer at Oracle,中国 北京
Engineering Internship at BMW,黎巴嫩
Sr. Product Engineer at BMW,美国 大纽约地区
"Mechanical Engineer, BMW Group",德国 慕尼黑地区
Software Engineer at BMW Group,美国 大芝加哥地区
Industrial Engineer at BMW Group,英国
Engineer at BMW,德国 慕尼黑地区
Machine Learning Engineer at BMW Group,德国 慕尼黑地区
Software Engineer at BMW,"Gdansk, Pomeranian District, Poland"
Planning Engineer at BMW,英国 伯明翰
Manufacturing Engineer at BMW Group,"Greenville, South Carolina Area"
Software Engineer at BMW Group,德国 慕尼黑地区
Electrical Engineer at BMW SA,南非 约翰内斯堡地区
Hardware and EMC engineer at BMW Group,德国 慕尼黑地区
EHS at BBA,中国 辽宁 沈阳
Specialist R&D Powertrain Quality at BMW China,中国 北京
Machine Learning Engineer at BMW Group,美国 旧金山湾区
Machine Learning Engineer at BMW Group,德国
Data Mining Engineer at Ant Financial,中国
Research Engineer/Scientist at United Technologies Research Center,中国
Machine Learning Engineer at BMW Group,德国 慕尼黑地区
Data Engineer (ML) at BMW Group,德国 慕尼黑地区
Data Engineer bei BMW AG,"Braunschweig Area, Germany"
Group product quality engineer at BMW,英国 伦敦
engineer at BMW Concessionaires (HK) Limited,中国
Software Engineer at BMW Technology Corporation,美国 大芝加哥地区
BIW Engineer - QMT at BMW Manufacturing,"Greenville, South Carolina Area"
Software Engineer at BMW Technology Corporation,美国 大芝加哥地区
Ingenieur bei BMW Motorsport,德国 慕尼黑地区
Engineer at BMW,德国 慕尼黑地区
Track Engineer BMW Motorsport,德国 慕尼黑地区
Lead Engineer - PLE,中国 辽宁 沈阳
Electrical Engineer at BMW Brilliance Automotive,中国 辽宁 沈阳
electric engineer at BMW Brilliance Automotive,中国 辽宁 沈阳
Robotics Engineer at BMW Manufacturing,"Greenville, South Carolina Area"
IT Engineer at BMW Group,埃及
Test Automation Engineer at BMW Group on behalf of Technica Engineering,德国 慕尼黑地区
Quality Assurance Engineer at BMW Industries Ltd.,"Jamshedpur Area, India"
"Advanced Specialist HV-Battery Safety in HV-Battery Development Dept., R&D",中国 辽宁 沈阳
BMW China - Manager,中国 上海
E\E Engineer at BMW Brilliance Automotive Ltd.,中国 辽宁 沈阳
Data Engineer @ BMW,德国 慕尼黑地区
Blockchain Engineer bei BMW Group,德国 慕尼黑地区
Engineer at BMW Group,德国 慕尼黑地区
Senior technical support,中国 北京
Stress Engineer | CAE outsourcing at BMW Brilliance Automotive,"Sheffield, United Kingdom"
"National Technical Support Engineer at BMW of North America, LLC",美国 大纽约地区
Autonomous Driving Cars Engineer at BMW,德国 慕尼黑地区
Engineer at BMW,"Noida Area, India"
E/E engineer at BMW China,中国 辽宁 沈阳
Engineer,美国 大纽约地区
Software Engineer at BMW,"Ulm Area, Germany"
Engineer at BMW AG,德国 慕尼黑地区
Software Engineer at BMW Group,德国 慕尼黑地区
Quality Engineer for Digital Services at the BMW Group,美国 大纽约地区
Technical Support Engineer at BMW Bavaria Motors,"Pune Area, India"
Software Engineer at Critical TechWorks,"Porto Area, Portugal"
BMW Cell R&D Engineer,韩国
Software Engineer at Intel Corporation,中国 上海
SW Engineer bei BMW Group,美国 旧金山湾区
"BMW Senior Software Engineer - OS Team Lead, KDE developer","Ulm Area, Germany"
Haldex - Mechanical Engineer,中国 上海
Senior Quality Engineer at BMW Manufacturing LLC,"Greenville, South Carolina Area"
iOS Engineer at BMW Technology Corporation,美国 大芝加哥地区
Software Engineer at BMW Technology Corporation,美国 大芝加哥地区
Senior Engineer,美国 旧金山湾区
Mechanical Engineer at Abudhabi motors BMW,阿联酋
Software Engineer at BMW Group,德国 慕尼黑地区
Software Engineer at BMW Group,德国 慕尼黑地区
Manufacturing Engineer at BMW Manufacturing,"Greenville, South Carolina Area"
Development Engineer at BMW,德国
Software Engineer II at BMW Technology Corporation,美国 大芝加哥地区
BMW Test Validation,中国 辽宁 沈阳
R&D Engineer at BMW,德国 慕尼黑地区
Big Data Engineer at BMW Autonomous driving department,德国
Software engineer at BMW Group via TechConnect GmbH,德国 慕尼黑地区
DevOps Engineer at BMW Group,德国
Plant Project Leader 5series LWB,中国 辽宁 沈阳
Software Engineer at BMW Group,德国 慕尼黑地区
Concept Engineer at BMW Group,德国 慕尼黑地区
Electrical Engineer at BMW Manufacturing,"Greenville, South Carolina Area"
Software Engineer at BMW Group,德国 慕尼黑地区
Process Engineer at BMW Group,德国 慕尼黑地区
Software Engineer at BMW AG,"Würzburg Area, Germany"
Industrial Engineer at BMW Group,南非 约翰内斯堡地区
Senior Engineer at BMW Motorsport,德国
Software Engineer at BMW Group,德国
Senior Android AOSP Engineer at BMW Group,德国 慕尼黑地区
Electrical&Electronics Engineer Trainee at BMW Group South Africa,南非 约翰内斯堡地区
Autonomous Driving Engineer at BMW Group,美国 旧金山湾区
Software Engineer at BMW,美国 大芝加哥地区
Vehicle System and service Engineer at BMW Bawaria Motors,"Kalyan Area, India"
Engineer at BMW,德国 慕尼黑地区
Senior Engineer at BMW Group,其他
尺寸工程师,中国 辽宁 沈阳
QMT Engineer at BMW,英国 牛津
Studio Engineer bei BMW,德国 慕尼黑地区
Network Engineer at BMW France - Executive MBA,法国 巴黎地区
Software engineer at BMW,德国 慕尼黑地区
Autonomous driving engineer at BMW Group,德国 慕尼黑地区
engineer at bmw india pvt ltd,"Chennai Area, India"
Software Engineer at BMW Technology Corporation,美国 大芝加哥地区
Ingeniero de Software en BMW,德国 慕尼黑地区
Supplier Quality Engineer at BMW Group,英国 伯明翰
Supplier Quality Engineer at BMW Manufacturing,"Greenville, South Carolina Area"
CFD&Thermal engineer,中国 北京
System Engineer at Ctrip,中国 上海
Quality Engineer at BMW,"Greenville, South Carolina Area"
Machine Learning Engineer bei BMW,德国 慕尼黑地区
Engineer at BMW,中国
Engineer at BMW,中国
Engineer - Planning @ BMW India,印度
Process Engineer / Lean Manufacturing Engineer chez BMW Group,德国 慕尼黑地区
Chief Engineer UX at GEELY EV,中国 浙江其他地区
"Principal Engineer, Perception for Automated Driving, BMW Group",德国
Engineer for Powertrain Test Bench at BMW Brilliance Automotive,德国 慕尼黑地区
Systems Engineer at BMW Group,德国 慕尼黑地区
Development Engineer bei BMW Group,德国 慕尼黑地区
Cost Engineer bei BMW AG,德国 慕尼黑地区
Cost Engineer bei BMW Group,德国 慕尼黑地区
Technical Support Engineer at BMW,美国 华盛顿都会区
Chemical Engineer,"Joinville Area, Brazil"
Software Engineer - BMW Group Japan,日本 东京都  23 区内
Software Engineer at BMW Group,"Bareilly Area, India"
Software Engineer at BMW Group,德国 慕尼黑地区
Datacenter Engineer at BMW Group,"Greenville, South Carolina Area"
Studio Engineer at BMW Group,德国 慕尼黑地区
Data Engineer,德国 慕尼黑地区
"Methods Engineer at BMW Manufacturing Co., LLC","Greenville, South Carolina Area"
Analysis Engineer ADAS at Careers at Audi China,中国 北京
Expatriate bei BMW China,中国 辽宁 沈阳
Senior Engineer at BMW Group,德国 慕尼黑地区
Senior Product Support Engineer - Tesla,中国 北京
Geico S.p.A. - Project Engineer,中国 江苏 苏州
Maintenance Engineer at BMW (UK) Manufacturing Ltd,英国 牛津
Powertrain Development Engineer at BMW Group,德国 慕尼黑地区
Electrical Engineer at BMW,德国
Development Engineer Engine,中国 辽宁 大连
"Packaging Engineer at BMW Manufacturing Co., LLC","Greenville, South Carolina Area"
Product Management & Product Engineer @BMW Group,德国 慕尼黑地区
Software Engineer (Android Developer),美国 大芝加哥地区
Senior Software Engineer at BMW Group,德国 慕尼黑地区
Machine Learning Engineer at BMW Group,德国 慕尼黑地区
Senior Advanced Technology Engineer at BMW,法国
Purchase Engineer at COMAC,中国 上海
Engineer,德国
Software Engineer at BMW Technology,美国 大芝加哥地区
Simulation Engineer at BMW - Virtual Commissioning and Process Simulation,德国
IT Engineer at BMW Group (Bavarian Auto Group),埃及
Engineer at BMW Brilliance Automotive,中国
Prod. Engineer at BMW Group,南非 约翰内斯堡地区
Junior Engineer at BMW INDIA PRIVATE LIMITED,"Chennai Area, India"
Engineer bei BMW Group,奥地利
engineer trainee at BMW EGYPT,埃及
Software Engineer at BMW Group,德国
Software Engineer at BMW Group,希腊
Software Engineer bei BMW Group,德国 慕尼黑地区
Development Engineer bei BMW Group,德国 慕尼黑地区
Software Engineer at BMW Car IT,"Ulm Area, Germany"
Service Engineer at BMW | Motorsport Enthusiast | Sitar & Tabla Player,"Bengaluru Area, India"
Software Engineer at BMW Technology Corporation,美国 大芝加哥地区
Machine Learning Engineer at BMW Group,德国 慕尼黑地区
Systems Engineer at BMW Team RLL,"Indianapolis, Indiana Area"
EMC bei BMW,德国 慕尼黑地区
Senior Industrial Engineer en BMW Group,墨西哥
BAIC BJEV - Engineer,中国 北京
Junior Engineer Electronics & Embedded Systems,德国 慕尼黑地区
"Prototype engineer intern at BMW of North America, LLC",美国 旧金山湾区
"Software Engineer Team at BMW of North America, LLC",美国 旧金山湾区
Senior Software Engineer bei BMW Group,"Nürnberg Area, Germany"
Machine Learning Engineer - Reinforcement Learning/Artificial Intelligence at BMW Group,美国 旧金山湾区
Software Engineer Autonomous Driving at BMW Group,德国 慕尼黑地区
Engineer at Akka Technologies,德国 慕尼黑地区
Engineer - BMW / Rolls Royce,德国
workshop Engineer at Bavarian Auto Group bmw &mini,埃及
Software Engineer at BMW,德国 慕尼黑地区
Network Engineer at BMW,美国 大纽约地区
Trafficmanagement Engineer at BMW,德国 慕尼黑地区
development Engineer at bmw,德国 慕尼黑地区
"DevOps Engineer, at BMW","Breda Area, Netherlands"
Manufacturing Engineer at BMW,英国 牛津
"Systems Engineer bei BMW AG, Motorsport",德国 慕尼黑地区
"Automotive Engineer (Research, New Technologies and Innovations) at BMW Group, Munich, Bavaria, Germany",澳大利亚 墨尔本地区
Senior Engineer at BMW Group,"Ulm Area, Germany"
Android Engineer at BMW Technology Corporation,美国 大芝加哥地区
Software Engineer at BMW Technology Corporation,美国 大芝加哥地区
Research And Development Engineer at BMW Group,"Dortmund Area, Germany"
Engineer en BMW motorrad munich,德国 慕尼黑地区
Software Engineer at BMW Technology Corporation,美国 大芝加哥地区
Software Engineer at BMW Technology Corporation,美国 大芝加哥地区
Machine Learning Engineer at BMW Group,"San Luis Potosí Area, Mexico"
"Junior Engineer in BMW india pvt ltd.,","Chennai Area, India"
"Acoustic Engineer at BMW Group, Pianist, Composer, Sailor",德国 慕尼黑地区
Dipl.Ing. bei BMW,德国
Development Engineer Vehicle Dynamics Power Supply Systeme at BMW Group,德国
Vehicle Data Logging & Measurements Engineer,中国 辽宁 沈阳
Production Engineer at BMW,德国 慕尼黑地区
BEng Mechanical Engineer at BMW Group South Africa,南非 约翰内斯堡地区
"Technical Support Engineer at BMW of North America, LLC",美国 大洛杉矶地区
Autonomous Driving Research and Development Engineer at BMW Group,德国 慕尼黑地区
"Quality Engineer Body Manufacturing at BMW Manufacturing Co., LLC","Greenville, South Carolina Area"
Senior Advanced Battery Technology Engineer // Research Battery Technology at BMW Group,美国 旧金山湾区
Software Development Engineer at BMW Group,德国
Quality Engineer at BMW South Africa,南非
Technical Support Engineer at AGMC-BMW,阿联酋
"UX Engineer, Experience Design Lab, BMW Group Technology Office - Silicon Valley, USA",美国 旧金山湾区
Driving dynamics and system development (BMW Brilliance Automotive),中国 辽宁 沈阳
Quality Engineer at BMW Manufacturing,"Greenville, South Carolina Area"
"Software Engineer II at BMW of North America, LLC",美国 大芝加哥地区
Process Engineer at BMW Plant Rossly,南非
Engineer at Southwest Rese,"San Antonio, Texas Area"
Development Engineer at BMW Group,德国 慕尼黑地区
Process Engineer at BMW Group,德国 慕尼黑地区
Technical Service Engineer at BMW,美国 大纽约地区
Advanced Battery Technology Engineer at BMW,美国 旧金山湾区
Support Engineer at BMW,泰国 曼谷都会区
Lead Engineer for HV-Batteries at BMW Motorsport,英国
Production Engineer,南非 约翰内斯堡地区
race engineer presso BMW Team RBM,"Forlì Cesena Area, Italy"
Machine Learning R&D Engineer at BMW Group,德国 慕尼黑地区
"Product Engineer at BMW of North America, LLC",美国 大纽约地区
Industrial Engineer Graduate trainee at BMW Group,南非 约翰内斯堡地区
Sr. Advanced Technology Engineer at BMW Group,美国 旧金山湾区
Warranty Process Engineer at BMW Group UK,"Redhill, United Kingdom"
Robotics Engineer for Autonomous Driving at BMW Group,德国 慕尼黑地区
Development Engineer for Autonomous Driving at BMW Group,德国 慕尼黑地区
Software Engineer at BMW,美国 大芝加哥地区
"Senior Deep Learning Engineer (Autonomous Driving) at BMW of North America, LLC",美国 旧金山湾区
Function Engineer @ BMW,德国 慕尼黑地区
Software Developer - Junior Consultant Engineer,"Braga Area, Portugal"
电动汽车软件工程师,中国 上海
Project Engineer at Ingenics AG,中国 辽宁 沈阳
Industrial Engineer at BMW Group South Africa,南非 约翰内斯堡地区
"Maufacturing Engineer at BMW of North America, LLC","Jonesboro, Arkansas Area"
Engine-Powertrain Engineer/Calibration engineer BMW Motorsport,德国 慕尼黑地区
Product Development Engineer at BMW of North America,美国 大纽约地区
ML Sr. Engineer at BMW Group,美国 旧金山湾区
Mechanical Design Engineer at BMW Group,德国 慕尼黑地区
Supplier Quality Engineer BMWMC,"Greenville, South Carolina Area"
Engineer at BMW,德国
Engineer at BMW,德国
Research And Development Engineer at BMW Group,德国 慕尼黑地区
"Manufacturing Engineer at BMW Manufacturing Co., LLC","Greenville, South Carolina Area"
Senior Advanced Technology Engineer at BMW,美国 旧金山湾区
Specialist development engineer at BMW Group,德国 慕尼黑地区
Expatriate Test Engineer @ BMW France,法国 马赛地区
Engineer of BYD research&development department,中国 广东 深圳
BMW Controls Engineer Intern | Project Management | Experience and Purpose,美国 北卡罗来纳州 罗利-杜罕
Engineer at Scuderia Ferrari F1,"Modena Area, Italy"
华晨宝马汽车有限公司 - Advanced Specialist Design Engineer,中国 辽宁 沈阳
Studio Engineer bei BMW Group,德国 慕尼黑地区
Project Engineer bei BMW AG,德国 慕尼黑地区
Homologation Engineer bei BMW Group,德国 慕尼黑地区
Software Engineer bei BMW Group,德国 慕尼黑地区
Senior Product Engineer - Alternative Drivetrain at BMW Group UK Limited,"Guildford, United Kingdom"
Lead Engineer E/E Integration Autonomous Driving bei BMW Group,德国 慕尼黑地区
Software Engineer at BMW,美国 大芝加哥地区
Maintenance Engineer at BMW,埃及
Senior Software Engineer at BMW,美国 大芝加哥地区
Fuel Cell Engineer/BE-Teamleader ASS at BMW,德国 慕尼黑地区
Specialist / Control Engineer at BMW (UK) Manufacturing Ltd,英国 牛津
Electrical Engineer at BMW Group,德国 慕尼黑地区
Paint Process Specialist at BMW,墨西哥
Quality Engineer at BMW SA,南非 约翰内斯堡地区
Design Engineer at BMW AG,德国 慕尼黑地区
Field Service Engineer at BMW,"West Palm Beach, Florida Area"
Software Engineer - Digital Charging Services at BMW Group,德国 慕尼黑地区
MBA Candidate at Ole Miss & Engineer at BMW MC,"Greenville, South Carolina Area"
Optical Engineer,德国
Software Craftsman at BMW,德国 慕尼黑地区
Senior Procurement Engineer na BMW Group,巴西 圣保罗地区
Electrical Engineer at BMW Group,"Kassel Area, Germany"
Software Engineer at BMW Group,德国 慕尼黑地区
Quality Engineer at BMW Group,"Greenville, South Carolina Area"
Graduate Electrical Engineer at BMW Group South Africa,南非 约翰内斯堡地区
Software Engineer for Machine Learning and Artificial Intelligence at BMW Group,德国 慕尼黑地区
Senior Software Engineer - Machine Learning en BMW AG,德国 慕尼黑地区
BMW Motorsport Support Engineer,"Limburg Area, Belgium"
Supply chain quality engineer at Daimler China,中国 北京
BI Engineer at INDEVCO Group,黎巴嫩
"Quality Engineer at BMW of North America, LLC","Greenville, South Carolina Area"
Software Engineer II at BMW Technology Corporation,美国 大底特律地区
"Product Engineer at BMW of North America, LLC",美国 大纽约地区
Software Engineer at BMW,阿尔巴尼亚
Methods Engineer at BMW,"Greenville, South Carolina Area"
Logistics Specialist - BMW Group,"San Luis Potosí Area, Mexico"
Quality Management at BMW Group,"San Luis Potosí Area, Mexico"
SW engineer at BMW Group,德国 慕尼黑地区
Development NVH Engineer,德国 慕尼黑地区
Splunk Engineer (Enterprise Security),"Columbus, Ohio Area"
Controls Engineer,"Greenville, South Carolina Area"
Concept Engineer at BMW Group,德国 慕尼黑地区
Software Engineer at BMW Group,德国 慕尼黑地区
Software Engineer at BMW Group,"Ulm Area, Germany"
Automotive Engineer at Arrk GmbH,德国 慕尼黑地区
Powertrain Engineering @ BMW Group,德国 慕尼黑地区
"Controls Planner, Engineer and Specialist","Greenville, South Carolina Area"
Engineer - Test and Validation HAD bei BMW Group,德国 慕尼黑地区
Software Engineer Autonomous Driving and Driver Assistance at BMW Group,德国 慕尼黑地区
NVH Engineer at BMW,德国 慕尼黑地区
Project Lead Software Development and Inventor at BMW Group,德国 慕尼黑地区
Tool Design Engineer at BMW Manufacturing,"Greenville, South Carolina Area"
Design And Development Engineer at BMW Group,德国 慕尼黑地区
Sr. Engineer Electronic Systems na BMW Group,"Joinville Area, Brazil"
Junior Mechanical Engineering @ BMW,阿联酋
Data Engineer Co-Op at BMW,"Greenville, South Carolina Area"
Software Engineer,德国 慕尼黑地区
Stand-In Asset & Reliability Engineer at BMW (UK) Manufacturing Ltd,英国 牛津
Senior Software Engineer at BMW Group Technology Office USA,美国 旧金山湾区
Manufacturing Engineer - BMW Manufacturing,"Greenville, South Carolina Area"
Driveability calibration engineer presso AVL,中国 上海
Supplier Quality Engineer at BMW,中国
Engineer at BMW,德国 慕尼黑地区
Engineer at BMW,德国 慕尼黑地区
Product & Process Integration Engineer at BMW,德国 慕尼黑地区
"Machine Learning Engineer, Autonomous Driving at BMW of North America, LLC",美国 旧金山湾区
engineer at BMW Group,"Stuttgart Area, Germany"
"Engineer, BMW",美国 大纽约地区
"G01/G02 Quality Steerer Process Engineer at BMW Manufacturing Co., LLC","Greenville, South Carolina Area"
Software engineer for autonomous driving,德国 慕尼黑地区
Advanced Word of Mouth Engineer,英国
R&D Engineer bei BMW Group,德国 慕尼黑地区
automotive engineer at BMW Proleasing Motors,"Prahova County, Romania"
iOS Engineer at BMW Technology Corporation,美国 大芝加哥地区
Aerodynamics Engineer at Porsche Engineering Services GmbH,"Stuttgart Area, Germany"
Engineer at BMW,"Greenville, South Carolina Area"
"Body Shop Methods Engineer at BMW Manufacturing (Datasoft Technologies, Inc)","Greenville, South Carolina Area"
Quality Engineer - Daimler Greater China,中国 北京
"Software Engineer, Machine Learning and Artificial Intelligence in Autonomous Driving at BMW Group",德国 慕尼黑地区
ICT Engineer at United Al Saqer Group - Abu Dhabi Motors BMW,阿联酋
Manufacturing Engineer at BMW Manufacturing,"Greenville, South Carolina Area"
Software Engineer at BMW,德国 慕尼黑地区
"Test Engineer Electromobility, BMW Group, Munich",德国 慕尼黑地区
Software Engineer (Autonomous Driving) at BMW Group,俄罗斯联邦 莫斯科
Contract Senior Software Engineer at BMW Group,"Milton Keynes, United Kingdom"
"Principal Engineer, Autonomous Driving at BMW Group",德国 慕尼黑地区
"Software Engineer at BMW of North America, LLC",美国 大芝加哥地区
QMT Engineer en BMW Group,"Ciudad Nezahualcóyotl Area, Mexico"
Engineer at BMW,德国 慕尼黑地区
Senior Engineer EMC for Electric Vehicles at BMW,德国 慕尼黑地区
Quality Engineer at BMW Group,德国 慕尼黑地区
DevOps / Cloud Engineer,"Columbus, Ohio Area"
Research Engineer at BMW Group,德国
Software Engineer at BMW Group,德国
Ingegnere di sviluppo presso BMW AG,德国 慕尼黑地区
Engineer bei BMW Group,德国 慕尼黑地区
Engineer at BMW Group,德国 慕尼黑地区
External IT Engineer at BMW Group UK,"Guildford, United Kingdom"
Data Engineer Autonomous Driving at BMW Group,德国 慕尼黑地区
"Senior Engineer, Machine Learning at BMW Group",德国 慕尼黑地区
"Software Engineer at BMW of North America, LLC",美国 大芝加哥地区
Industrial Engineer at BMW Group South Africa,南非 约翰内斯堡地区
Senior Software Engineer at BMW Technology Corporation,美国 大芝加哥地区
"Software Engineer at BMW of North America, LLC",美国 旧金山湾区
Automation Engineer at BMW Group,马耳他
"Supplier Quality Engineer, QMT at BMW MC","Greenville, South Carolina Area"
Engineer at BMW Group,德国 慕尼黑地区
Engineer at BMW Group,德国 慕尼黑地区
"Network Engineer at BMW of North America, LLC",美国 大纽约地区
Imaging Test Automation Engineer at Colorspace co.ltd,中国 北京
Inventing the future at BMW's Mobility Lab,德国
"Senior Software Engineer, iOS at BMW Technology Corporation",美国 大芝加哥地区
Senior Specialist Launch Engineer en BMW Group,"San Luis Potosí Area, Mexico"
Software Engineer at BMW Car IT GmbH,"Ulm Area, Germany"
Calibration Engineer Automatic/Hybrid Transmission at BMW Group,德国 慕尼黑地区
Software Engineer II at BMW Technology Corporation,美国 大芝加哥地区
process engineer at BMW Group UK Limited,英国 牛津
EV Engineer / Battery Energy Storage System - BMW Group,美国 大纽约地区
"Senior Test & Product Development Engineer at BMW of North America, LLC",美国 大洛杉矶地区
"Technical Resident Engineer (on behalf of HELLA GmbH & Co. KGaA ) at BMW Manufacturing Co., LLC",德国 慕尼黑地区
Senior Quality Assurance Engineer bei BMW Group,"Kassel Area, Germany"
"Technical Support Engineer at BMW of North America, LLC",美国 大纽约地区
"Principal VDC Engineer at BMW of North America, LLC",美国 大纽约地区
"Technical Support Engineer at BMW of North America, LLC",美国 大洛杉矶地区
Master Thesis Project at BMW Group,德国 慕尼黑地区
IT Support Engineer at BMW Group Japan,日本
Project Engineer Functional Integration 5Series at BMW Group,德国 慕尼黑地区
Lead Module Quality Engineer at BMW Group,德国 慕尼黑地区
Engineer at BMW,德国 慕尼黑地区
Engineer at BMW,德国 慕尼黑地区
Engineer at BMW,德国 慕尼黑地区
Manufacturing Engineer at BMW Manufacturing,"Greenville, South Carolina Area"
Quality Engineer bei BMW,英国 伯明翰
Senior Software Engineer,美国 大芝加哥地区
"Software Engineer at BMW Group, Connected Drive Backend",德国 慕尼黑地区
Body Shop Methods Engineer at BMW Manufacturing,美国
Engineer bei BMW Group,德国 慕尼黑地区
Engineer at BMW,南非 约翰内斯堡地区
Software Engineer at BMW Group,德国 慕尼黑地区
Software Engineer at BMW AG,德国 慕尼黑地区
"Packaging Engineer at Apex Tool Group, LLC","Greenville, South Carolina Area"
electrical engineer at BMW,德国
Whole Vehicle NVH Test Engineer at BMW Group,德国
Engineer at Toyota Motor Europe,比利时 布鲁塞尔地区
Electrical Engineer,美国 大底特律地区
Software Engineer,美国 大芝加哥地区
Network Engineer & Trainer for Automotive Ethernet at BMW Group,德国
Reinforcement Learning for Autonomous Driving at BMW,美国 旧金山湾区
"xEV Systems, Controls & Functional Safety Engineer",德国 慕尼黑地区
Software Engineer Machine/Deep Learning,德国 慕尼黑地区
Project Quality Engineer at BMW Group,德国 慕尼黑地区
Customer Engineer | NCR Corporation,"Joinville Area, Brazil"
"Senior Product Engineer at BMW of North America, LLC",美国 大纽约地区
Track engineer (GTE Race engineer) chez BMW Motorsport,德国 慕尼黑地区
Project Lead Engineer na BMW Group,巴西 圣保罗地区
"Sustainable Mobility Engineer at BMW of North America, LLC",美国 旧金山湾区
Intern Industrial Engineer at BMW Group South Africa,南非 约翰内斯堡地区
Software Development Engineer In Test at BMW Technology Corporation,美国 大芝加哥地区
"Advanced Battery Technology Engineer at BMW of North America, LLC",美国 旧金山湾区
Big Data Engineer | Product Owner at BMW Group,德国 慕尼黑地区
Software Engineer in Data Management Area at BMW Group,德国 慕尼黑地区
Design Engineer at BMW AG,德国
Planning Engineer at BMW Group,德国
Electrical Engineer at BMW Manufacturing,"Greenville, South Carolina Area"
Senior Software Engineer at BMW,德国 慕尼黑地区
System Engineer Security at BMW,德国 慕尼黑地区
Automation Engineer at BMW Group,德国 慕尼黑地区
User Interface Engineer at BMW,德国 慕尼黑地区
Software Engineer at BMW Group,"Ulm Area, Germany"
Development Engineer at BMW Group,德国 慕尼黑地区
Software Engineer at BMW Group,德国 慕尼黑地区
Design Engineer at BMW Group,德国 慕尼黑地区
Senior Software engineer at BMW,德国 慕尼黑地区
Production engineer at BMW Group,南非 约翰内斯堡地区
Mechanical Engineer at BMW Group,"Valparaíso Province, Chile"
Quality Engineer at BMW Group,英国 牛津
Software Engineer at BMW Car IT,拉脱维亚
"Data Engineer, Machine Learning and Artificial Intelligence",德国 慕尼黑地区
"Engineer Distributed-Ledger Technologies (DLT) Blockchain at BMW Group | Founder & CEO, Entrepreneur at SKPROJECTS",德国 慕尼黑地区
High-Medium Voltage Engineer en BMW Group México,"Ciudad López Mateos Area, Mexico"
Mechanical Engineer,德国
Vehicle Dynamics & Suspension Performance Supervisor Engineer,中国 河北 保定
Design Engineer & Project Manager,德国 慕尼黑地区
--,中国
Quality Engineer,"Walsall, United Kingdom"
Senior Production Process Specialist Engineer at BMW Group,墨西哥
Software Engineer,美国 大芝加哥地区
Engineer bei BMW Group,德国 慕尼黑地区
Software Engineer at BMW,"Ludhiana Area, India"
Automobile engineer at Bmw,印度
Vision Engineer at BMW,"Greenville, South Carolina Area"
Software Engineer at BMW Technology Corporation,美国 大芝加哥地区
Software Engineer at BMW Technology Corporation,美国 大芝加哥地区
Software Engineer at BMW Technology Corporation,美国 大芝加哥地区
Software Engineer at BMW Technology Corporation,美国 大芝加哥地区
Automotive Engineer at bmw transmission service,埃及
Senior Software Engineer at BMW Technology Corporation,美国 大芝加哥地区
IT Specialist - DevOps Engineer at BMW Group,德国 慕尼黑地区
Software Engineer Autonomous Driving at BMW Group,德国 慕尼黑地区
Creative Technologist at BMW Group,德国
Longterm Quality Auditor - BMW Group,"San Luis Potosí Area, Mexico"
vehicle performance and simulation for BMW Motorsport,德国 慕尼黑地区
111,中国 北京
Sales manager of Hilton Japan,中国 北京
Intel AMHS HW Engineer,中国 辽宁 大连
Senior System Engineer at Atos,中国 四川 成都
Methods & Product Integration Engineer at BMW Manufacturing,"Greenville, South Carolina Area"
Quality Engineer / Project Leader at BMW SA,南非 约翰内斯堡地区
Projektleiter DTM bei BMW Motorsport,德国 慕尼黑地区
Philips Healthcare SL - R&D Cost Engineer,中国 辽宁 沈阳
Sr. Software Engineer at BMW Group,美国 大芝加哥地区
Race Engineer at BMW Team RBM,荷兰 鹿特丹地区
R&D Engineer bei BMW Group,德国 慕尼黑地区
Key User/Quality @ BMW CS LLC,"Greenville, South Carolina Area"
Industrial Engineer at GEELY,中国 辽宁 沈阳
"Technical Support Engineer Eastern Region at BMW of North America, LLC",美国 大纽约地区
Concept Engineer at BMW Group | Co-Founder at Start2 Dream GmbH,德国 慕尼黑地区
Senior Software Engineer at Nokia,美国 大芝加哥地区
Supplier Quality Engineer - BMW Group,德国 慕尼黑地区
Quality Engineer (QMT) at BMW Group,南非
飞利浦 - CT Control System SW Engineer,中国
Lean Manufacturing Engineer at BMW Manufacturing,"Greenville, South Carolina Area"
Agile Coach and Developer at BMW,"Greenville, South Carolina Area"
Network Engineer at BMW,"Greenville, South Carolina Area"
Controls Engineer at BMW Group UK Limited,英国 牛津
Project Quality Engineer at BMW Manufacturing Co.,"Greenville, South Carolina Area"
Software Tester at BMW,德国 慕尼黑地区
polymer engineer at BMW,德国
Chemical Engineer at BMW,德国
Automotive Engineer at BMW,斯里兰卡
Automobile Engineer at BMW,阿联酋
Software Engineer at BMW,德国 慕尼黑地区
Diagnosis Engineer at BMW,德国 慕尼黑地区
Logistic planning at BMW Brilliance Automotive,中国 辽宁 沈阳
Senior Specialist Engineer - Automotive Embedded System Performance and Stability Engineer at BMW Group,德国 慕尼黑地区
Autonomous driving Big data/machine learning research engineer at BMW Group,德国 慕尼黑地区
Engenheiro de Projetos Sênior / Engenheiro Industrial na BMW Group,"Limeira Area, Brazil"
Senior Software Engineer at BMW Car IT GmbH,"Ulm Area, Germany"
"Cloud Operations Engineer at BMW of North America, LLC",美国 大纽约地区
"Technical Support Engineer at BMW of North America, LLC",美国 加利福尼亚 萨克拉门托
Especialista en sistemas de control en BMW Group,德国 慕尼黑地区
Electric Vehicle Engineer at BMW of North America,美国 大纽约地区
"Quality Engineer at BMW Manufacturing Co., LLC","Greenville, South Carolina Area"
"Quality Engineer at BMW Manufacturing Co., LLC","Greenville, South Carolina Area"
Process Engineer at BMW Group UK Limited,英国 牛津
Electrical engineer at BMW,德国 慕尼黑地区
Control Engineer at BMW (UK) Manufacturing Ltd,英国 牛津
Engineer at BMW (South Africa),南非
MECHANICAL ENGINEER IN QC DIVISION OF BMW INDUSTRIES LTD (SPC UNIT OF TATA STEEL). Looking for Better opportunity.,"Kolkata Area, India"
"Senior Product Engineer, Hybrid and Electric Vehicles at BMW of North America, LLC",美国 大纽约地区
Development Engineer bei BMW Group,"Kreisfreie Stadt Aachen Area, Germany"
Engineer,美国 大底特律地区
Principal Software Engineer Autonomous Driving,德国 慕尼黑地区
Data Scientist pertaining to Big-data at BMW Group,德国 慕尼黑地区
Software Engineer at BMW Car IT GmbH,德国 慕尼黑地区
"Development Engineer, Location-based Services at BMW",德国 慕尼黑地区
Software Engineer & Scrum Master at BMW Technology Corporation,美国 大芝加哥地区
"Machine Learning Engineer at BMW of North America, LLC",美国 旧金山湾区
Embedded Systems Engineer,德国 慕尼黑地区
"Security and Platform Software Engineer at BMW of North America, LLC",美国 旧金山湾区
Network Engineer,美国 大纽约地区
Project engineer,德国 慕尼黑地区
Development Engineer,美国 大纽约地区
Lead Data center Tech at BMW,"Augusta, Georgia Area"
Adv. EHS Specialist,中国 辽宁 沈阳
IT Specialist at HP,中国 辽宁 沈阳
BorgWarner-UTS-Manufacturing Engineer,中国 辽宁 大连
Software Engineer at Alphabet (onderdeel BMW Group),"The Hague Area, Netherlands"
Engineer at BMW Group,南非 约翰内斯堡地区
Engineer at BMW Group,德国 慕尼黑地区
Research Development Engineer bei Bosch China,中国 上海
Engineer bei BMW Group,德国
Mechanical Engineer,巴基斯坦
Software Engineer at BMW Group,"Ulm Area, Germany"
Quality Engineer at BMW Group,德国 慕尼黑地区
Network and Infrastructure Engineer,日本 东京都  23 区内
Engineer At BMW GROUP,印度
IT Systems Engineer at BMW,比利时 布鲁塞尔地区
Android @ BMW Technology Group,美国 大芝加哥地区
Ingénieur S?reté de fonctionnement,德国 柏林地区
Engineer at BMW,"Chennai Area, India"
Engineer at BMW India,"Chennai Area, India"
Engineer at BMW Manufacturing,"Greenville, South Carolina Area"
Technical Support Engineer at AGMC-BMW,阿联酋
Machine Learning Engineer at BMW Group,德国
Project Engineer and Front End Designer at BMW Group,德国 慕尼黑地区
Autonomous Driving and Machine Learning Engineer at BMW Group,德国 慕尼黑地区
Quality Engineer at BMW,中国 辽宁 沈阳
BMW Platform Engineer at BMW Group,美国 旧金山湾区
Network Engineer,"Greenville, South Carolina Area"
Project Engineer at BMW,南非 约翰内斯堡地区
Project Engineer at BMW Brilliance Automotive,中国 辽宁 沈阳
Studio Engineer for BMW Design,德国 慕尼黑地区
Design Engineer at Cyient,"Hyderabad Area, India"
"Infotainment Test Engineer at BMW of North America, LLC",美国 大纽约地区
Vehicle Safety at BMW,德国 慕尼黑地区
Product Technical Integration - Quality Engineer at BMW Manufacturing,"Greenville, South Carolina Area"
Innovation Management E-Mobility at BMW Group,德国
Calibration Engineer at BMW,德国 慕尼黑地区
Planning Engineer at BMW,其他
Software Engineer Location Based Services at BMW Group,德国 慕尼黑地区
Senior Security Engineer at MetLife,美国 北卡罗来纳州 罗利-杜罕
Chief Engineer at BMW Group,德国 慕尼黑地区
Innovative Packaging Engineer Automotive,"Greenville, South Carolina Area"
Quality Process Engineer en BMW Group,"San Luis Potosí Area, Mexico"
Senior Cost Engineer bei BMW Group,德国 慕尼黑地区
FE engineer at Ford Motor Company in China,中国 江苏 南京
"R & D Engineer for for Data, Machine Learning & Artificial Intelligence bei BMW Group",德国 慕尼黑地区
Network Engineer at BMW,"Queenstown Area, South Africa"
Control System Engineer at BMW Group South Africa,南非
Electrical Engineer at BMW Group,中国 辽宁 沈阳
mechanical engineer,埃及
Engineer at BMW,德国 慕尼黑地区
Engineer at BMW,德国 慕尼黑地区
Supply Chain Quality Engineer at Daimler Greater China,中国 北京
Project Engineer bei Telemotive AG i.A. BMW AG (Navigation & Vernetztes Fahrzeug),德国 慕尼黑地区
BMW Manufacturing,"Greenville, South Carolina Area"
TSE at BMW,美国 大洛杉矶地区
Software Engineer at BEUMER Group,新加坡
Sales Engineer at BENTELER Group,美国
Xiaopeng Motors - Autonomous Senior Staff Software Engineer,中国 上海
development engineer at BMW Group,德国 慕尼黑地区
Software Engineer at BMW Group,德国 慕尼黑地区
R&D Engineer at BMW,德国
BMW Driving Dynamics Software Engineer,德国 慕尼黑地区
Senior Quality Specialist,"San Luis Potosí Area, Mexico"
Industrial Engineer / Mechanical Engineer,德国 慕尼黑地区
Principal Engineer at BMW Technology Corporation,美国 大芝加哥地区
Senior RF Engineer at BMW Group,德国 慕尼黑地区
Software Engineer at BMW Technology Corporation,美国 大芝加哥地区
Software Engineer at BMW Car It,德国 慕尼黑地区
Industrial / Simulation Engineer at BMW Group,英国 伯明翰
Supplier Quality Engineer at BMW Group,德国 慕尼黑地区
Metrology Systems Engineer at BMW Manufacturing,"Greenville, South Carolina Area"
Senior Engineer at BMW PLANT CHENNAI,"Chennai Area, India"
Mobile Software Engineer at BMW Group,"Greenville, South Carolina Area"
Principal Stability Engineer at BMW CarIT,"Sibiu County, Romania"
Mobility Software Engineer at BMW Group,"Greenville, South Carolina Area"
Chassis Design Engineer - at BMW Motorsport,德国 慕尼黑地区
Production & Systems Engineer at BMW AG,"Leipzig Area, Germany"
Senior Principal Engineer at BMW Group,"Stuttgart Area, Germany"
Network Engineer at Concentrix,"Greenville, South Carolina Area"
Test and Analysis Engineer at BMW-Brilliance(ESG),中国 辽宁 沈阳
Startup Engineer at KNAPP AG,中国 辽宁 沈阳
西门子 - Senior Mechanical Design Engineer,中国 北京
Engineer at BMW,德国 慕尼黑地区
Quality Engineer at BMW Group,德国 慕尼黑地区
Battery Systems Prototype Engineer at Bosch,美国 大底特律地区
Quality Manager-Engineer,Greater Nashville Area
Junior Engineer at BMW India PVT LTD,"Tirunelveli Area, India"
Machine learning engineer building autonomous systems and devices inspired by brain.,美国 旧金山湾区
Senior (dev)Ops Engineer at Alphabet Fuhrparkmanagement GmbH a BMW Group Company,荷兰 鹿特丹地区
Product & Quality Engineer,"Greenville, South Carolina Area"
Assistant Manager at BMW China,中国 北京
Engineer at Mahle engine component,"Chennai Area, India"
Development engineer at BMW Group,德国
Engineer Internship at BMW Group,黎巴嫩
AssocRINA . Aero-thermal CFD Engineer,德国 慕尼黑地区
Manufacturing Engineer - Technical Planning Assembly,"Greenville, South Carolina Area"
Reliability Engineer at Daimler AG,"Stuttgart Area, Germany"
Offsites and Utilities Engineer at ExxonMobil,美国 德克萨斯州 休斯顿
Process Engineer at BMW Group,英国 牛津
Algorithm Lead Engineer(Tech Leader) at GAEI(Guangzhou Automotive Engineering Institute ),中国 广东 广州
Principal QA Engineer at BMW Car IT GmbH,"Ulm Area, Germany"
Engineer bei BMW Motorsport,德国 慕尼黑地区
Software Engineer at BMW Car IT,德国 慕尼黑地区
Embedded Software Engineer at BMW,"Augsburg Area, Germany"
Complete vehicle testing and Chassis tuning engineer,中国 上海
Product Quality Engineer at BMW Manufacturing,"Greenville, South Carolina Area"
Specialist: Production Engineer (Line 20 and 30) at BMW Group,南非 约翰内斯堡地区
Senior Engineer at BMW,"Dartford, United Kingdom"
Security Software Engineer at BMW Car IT,"Ulm Area, Germany"
Performance Engineer DTM at BMW Team RMG,"Regensburg Area, Germany"
Machine Learning Engineer bei BMW Group,"Mannheim Area, Germany"
System Test Engineer bei BMW Group,德国 慕尼黑地区
Senior Software Engineer bei BMW Group,德国 慕尼黑地区
Engineer at BMW Group,泰国
Mechatronics Engineer at BMW,约旦
Product Engineer BMW UK,"Sutton, United Kingdom"
Development Specialist at BMW Group,德国
Vehicle Dynamics Engineer at BMW Manufacturing Company,"Greenville, South Carolina Area"
Controls Engineer at BMW (UK) Manufacturing Ltd,"Swindon, United Kingdom"
Senior DevOps Engineer at BMW Financial Services,"Columbus, Ohio Area"
Client Advisor at Motorwerks BMW,美国 大明尼阿波利斯-圣保罗地区
Software Engineer at BMW,美国 大芝加哥地区
华晨宝马汽车有限公司 - Senior Quality Specialist,中国 辽宁 沈阳
Engineer at SoftDeCC,德国 慕尼黑地区
Supplier Quality Management Engineer at BMW,"Greenville, South Carolina Area"
BMW QMT Engineer-Exterior Trim,英国 牛津
IT Solutions Engineer at BMW Group,"Greenville, South Carolina Area"
Software Engineer at BMW,德国 慕尼黑地区
Methods Engineer at BMW,"Greenville, South Carolina Area"
Test Engineer BMW,德国 慕尼黑地区
product engineer at BMW,南非 约翰内斯堡地区
Procurement Engineer at BMW,南非 约翰内斯堡地区
Process Engineer at BMW,南非 约翰内斯堡地区
Research Engineer at BMW,德国 慕尼黑地区
Service Engineer at Etergo,荷兰 阿姆斯特丹地区
Software Engineer ? Poet,美国 旧金山湾区
Requirements engineer / Country variants at BMW Group,德国 慕尼黑地区
Mechanical Engineer,南非
Controls Engineer at Laser Wire Solutions,"Gloucester, United Kingdom"
Android Engineer at Stash,美国 大纽约地区
Research And Development Engineer at BMW Group,德国 慕尼黑地区
Control Engineer at BMW Group Mexico,英国 牛津
Engineer/Analyst,南非
Engineer at BMW Manufacturing LLC,"Greenville, South Carolina Area"
Principal Software Engineer - Artificial Intelligence and Machine Learning bei BMW Group,德国 慕尼黑地区
ENGINEER AT BMW INDIA PVT LTD.,"Chennai Area, India"
Quality Engineer bei BMW Group,德国
Lead iOS Engineer at BMW Technology Corporation,"Las Vegas, Nevada Area"
"Process Engineer at BMW of North America, LLC",美国 大纽约地区
"Platform Engineer at BMW of North America, LLC",美国 旧金山湾区
Senior Embedded Software Engineer at BMW Group,德国 慕尼黑地区
"Controls Engineer at BMW Manufacturing Co., LLC","Greenville, South Carolina Area"
Senior Software Engineer at BMW Technology Corporation,美国 大芝加哥地区
Quality Engineer at BMW Group South Africa,"Phalaborwa Area, South Africa"
Development Engineer,德国
Rapid prototyping / Moulding / 3D Print Centre ― Duch Group,中国 福建 厦门
Industrial engineer,德国
BYTON - Senior Engineer Powertrain Testing,中国 江苏 南京
Computational Engineer at BMW Group,德国
Cost Engineer bei BMW Group,德国 慕尼黑地区
Quality Control Engineer at BMW Japan,日本
Software Engineer chez BMW Group,德国
Module Quality Engineer at BMW Group,英国 牛津
System Engineer / Driving Dynamics at BMW,德国
BMW Group Japan - .,日本
Industrial & Process Engineer,南非 约翰内斯堡地区
System integration engineer of electric drive trains at BMW Group,德国 慕尼黑地区
Software Engineer. Autonomous Driving at BMW Car IT,"Ulm Area, Germany"
"Senior Software Engineer at LUXOFT ROMANIA C Automotive Division for Harman Becker , BMW project","Bucharest, Romania"
Quality Engineer at BMW Group via VOLKE Consulting Engineers GmbH & Co. Planungs KG,德国 慕尼黑地区
J.E. @ BMW,"Chennai Area, India"
Senior DevOps Engineer at BMW Financial Services,"Columbus, Ohio Area"
"Manufacturing Process Engineer at BMW Manufacturing Co., LLC","Greenville, South Carolina Area"
Process Engineer at BMW group South Africa,南非 约翰内斯堡地区
"Software Engineer at BMW of North America, LLC",美国 大芝加哥地区
Research Engineer bei BMW Group Research and Technology,德国 慕尼黑地区
Development Engineer at Bertrandt AG,美国 大纽约地区
Sr. Supplier Quality Engineer - SQE (QMT) at BMW Group Brasil,"Joinville Area, Brazil"
SPECIALIST: PRODUCTION PLANT OPERATIONS AT BMW ZA,南非
Engineer bei BMW Group,德国 慕尼黑地区
Software Engineer,德国 慕尼黑地区
BMW Quality/Electrical Systems Engineer,"Greenville, South Carolina Area"
Senior Industrial Engineer,南非 约翰内斯堡地区
Manufacturing Engineer at BMW Manufacturing,"Greenville, South Carolina Area"
"Engineering, Vehicle Dynamics, BMW Group",德国 慕尼黑地区
NVH and Wind Noise Specialist Test Engineer,"Aguascalientes Area, Mexico"
Vision Engineer at BMW Group,"Columbus, Ohio Area"
Senior Engineer at BMW AG,德国 慕尼黑地区
Team Leader at BMW Research and Lecturer at KIT,德国 慕尼黑地区
Specialist Battery Cell Development at BMW Group,德国 慕尼黑地区
"Senior Requirements, System and Software Engineer",德国 慕尼黑地区
Sr Systems Engineer at BMW Group,"Greenville, South Carolina Area"
Powertrain development engineer at BMW Group,德国 慕尼黑地区
Sr Controls Engineer at BMW Group,"San Luis Potosí Area, Mexico"
Senior Network Engineer at BMW Group,"San Luis Potosí Area, Mexico"
engineer at BMW Brilliance Automotive,中国 辽宁 沈阳
IT engineer at HON (BJ) Tech Solns Labs CoLtd,中国
Engineer at BMW,希腊
Automotive Engineer at Primatec Engineering (On behalf of Technica engineering GmbH),"Sfax Governorate, Tunisia"
Tool & Equipment Engineer - Team Leader at BMW of North America,美国 大纽约地区
"Quality Engineer Intern at BMW Manufacturing Co., LLC",美国 大亚特兰大地区
"Machine Learning Engineer at BMW of North America, LLC",美国 大芝加哥地区
DevOps Engineer (SRE) en BMW Group South Africa,南非 约翰内斯堡地区
QSB Parts Quality Engineer at BMW (UK) Manufacturing Ltd,英国 牛津
"Technical Support Engineer at BMW of North America, LLC",美国 大纽约地区
Process/Product Engineer at BMW Group,德国
Machine Learning Engineer,德国 慕尼黑地区
Application Engineer at MathWorks,德国 慕尼黑地区
Quality Engineer at BMW,南非 约翰内斯堡地区
Project Engineer - HV Batteries Mechanical Design at BMW Group,"Watford, United Kingdom"
"Quality Engineer at BMW Manufacturing Co., LLC",美国 华盛顿都会区
Senior Software Engineer at BMW Technology Corporation,美国 大芝加哥地区
Technical Support Manager@BMW Group Malaysia,马来西亚
IT Security Engineer,"Greenville, South Carolina Area"
On-Board Electrical System Engineer at BMW Group,德国 慕尼黑地区
DevOps Sr. Engineer at BMW Financial Services,"Columbus, Ohio Area"
Planning Engineer at BMW Group UK Limited,英国 牛津
"Warranty Engineer at BMW of North America, LLC",美国 大纽约地区
Electronics Engineer at BMW (UK) Manufacturing Ltd,英国 牛津
Control engineer at BMW (UK) Manufacturing Ltd,英国 牛津
Network Engineer at BMW (UK) Manufacturing Ltd,英国 牛津
Research Engineer Robotics bei BMW Group,德国 慕尼黑地区
Procurement Engineer at BMW,南非 约翰内斯堡地区
Engineer at BMW Group,德国 慕尼黑地区
"Quality Engineer (Powertrain), BMW AG Munich",德国 慕尼黑地区
Quality- and Process Engineer/Steerer for Bertrandt at BMW,"Greenville, South Carolina Area"
Assisment manager of Launch Support & Plant Integration Powertrain - BMW China Services Ltd,中国 辽宁 沈阳
Engineer at EDAG,中国
Engineer,阿联酋
Mechanical Engineer,埃及
Industrial Engineer at Volvo Car Group,中国 辽宁 鞍山
Cost Engineer at BMW Group,德国 慕尼黑地区
BMW Technical Support Engineer,美国 大洛杉矶地区
Quality Engineer at BMW Group,英国 伯明翰
IT Solutions Engineer at BMW,"Greenville, South Carolina Area"
Industrial Engineer,南非 约翰内斯堡地区
Mechatronics Engineer,埃及
Software Engineer,德国 慕尼黑地区
Algorithm Engineer at BMW Group,德国 慕尼黑地区
Production Engineer at BMW India,"Chennai Area, India"
Procurement Engineer at BMW SA,南非 约翰内斯堡地区
Electrical Engineer at BMW Manufacturing,"Greenville, South Carolina Area"
Infrastructure Engineer at BMW Group,澳大利亚 墨尔本地区
Cost Engineer at BMW Group,德国 慕尼黑地区
Simulation engineer at BMW Group,德国 慕尼黑地区
Project Engineer at BMW Group,"The Hague Area, Netherlands"
Student at TUM/CDTM/ Machine Learning Engineer at Kaia Health,德国 慕尼黑地区
engineer at BMW Industries Ltd.,印度
Planning Engineer at BMW,英国 伯明翰
Senior engineer at BMW,"Greenville, South Carolina Area"
tooling engineer at BMW,英国 伯明翰
Development Engineer at BMW,德国 慕尼黑地区
Automotive Engineer at BMW,"Joinville Area, Brazil"
development engineer at BMW,德国 慕尼黑地区
Electrical Engineer at BMW,德国 慕尼黑地区
Procurement Engineer at BMW,南非 约翰内斯堡地区
Ingegnere Freelance,"Catania Area, Italy"
robotics engineer,德国 柏林地区
"Principal Development Engineer at BMW Group, Digital Key and Smart Access",德国 慕尼黑地区
Design Engineer at BMW AG,德国 慕尼黑地区
Chief engineer bei BMW,德国 慕尼黑地区
Quality Engineer bei BMW,"Regensburg Area, Germany"
Retired Quality Engineer at BMW,英国 伯明翰
"Technical Support Engineer at BMW of North America, LLC",美国 加利福尼亚州 橘县
"Product Development Engineer at BMW of North America, LLC",美国 大纽约地区
System Validation Engineer at BMW Group,墨西哥
Software Engineer for Machine Learning at BMW Group,"Nürnberg Area, Germany"
Project Manager / Systems Engineer at BMW Group,德国 慕尼黑地区
"Senior Engineer at BMW of North America, LLC",美国 大纽约地区
Ingenieur für Produktionstechnische Integration Antriebe bei BMW Group,德国 慕尼黑地区
Complete Vehicle Electrics/Electronics Intern at BMW,美国 大波士顿地区
"Analysis Engineer at BMW Manufacturing Co., LLC","Greenville, South Carolina Area"
Test engineer intern chez BMW Group,"Grenoble Area, France"
Data Engineer bij BMW Team RBM,荷兰 鹿特丹地区
Automotive Engineer | Additive Manufacturing Expert | Blockchain | Project Manager,南非 约翰内斯堡地区
Engineer at Daimler AG,"Ulm Area, Germany"
Lean Project Intern en BMW Group,"San Luis Potosí Area, Mexico"
Lightweight Design Specialist bei BMW Group,德国 慕尼黑地区
Quality management for e-powertrain supplier chain,中国 北京
engineer at AGMC-BMW,阿联酋
Engineer bei BMW,德国
Engineer bei BMW Group,德国 慕尼黑地区
Software Engineer Location Based Services bei BMW Group,德国 慕尼黑地区
Engineer at BMW AG,德国
Senior New Product Quality Engineer at Group Lotus plc.,英国 牛津
Project and Calibration Engineer,德国 慕尼黑地区
BMW Group,"San Luis Potosí Area, Mexico"
Liaison Engineer at BMW AG,德国
Field Engineer presso BMW Group,"Verona Area, Italy"
资深质量工程师,中国 辽宁 沈阳
--,中国 辽宁 沈阳
Sr. Systems Engineer at Patterson Companies Webmaster at BMW CCA North Star Chapter,美国 大明尼阿波利斯-圣保罗地区
Applications Engineer at SimScale GmbH,德国 慕尼黑地区
Project Quality Engineer,南非 约翰内斯堡地区
Senior Devlopment Enginer at BMW Group,德国 慕尼黑地区
Quality Steering Engineer at BMW (UK) Manufacturing Ltd,"Twickenham, United Kingdom"
Software & System Integration Engineer bei BMW Group,德国 慕尼黑地区
IT Engineer at Alfardan Automobiles - BMW Qatar,卡塔尔
Infotainment Quality & Analysis Engineer at BMW Group UK Limited,英国 牛津
Consultant Engineer- Software Safety Management at BMW Group,德国 慕尼黑地区
IT Operations BMW India,印度 新德里地区
Machine Learning Engineer at Apple,德国 慕尼黑地区
Local Technical Engineer Automotive,中国 辽宁 沈阳
Mechanical Engineer,"The Hague Area, Netherlands"
Engineer at BMW,德国 慕尼黑地区
"Warranty Engineer, BMW Group",德国 慕尼黑地区
Industrial Engineer at BMW Group,德国 慕尼黑地区
Energy Engineer at BMW Manufacturing,"Greenville, South Carolina Area"
Quality Engineer at BMW AG,"Regensburg Area, Germany"
Production Engineer at BMW Manufacturing,南非
car engineer at BMW Group,希腊
Project Engineer at BMW Group,英国
Procurement Engineer at BMW Rosslyn,南非 约翰内斯堡地区
Environmental Engineer at BMW Manufacturing,"Greenville, South Carolina Area"
Electrical Engineer at BMW Group,英国 牛津
Quality Engineer at BMW Manufacturing,"Greenville, South Carolina Area"
Planning Engineer at BMW Manufacturing,英国 伯明翰
Electrical Engineer at BMW Group,德国 慕尼黑地区
Berechnungsingenieur bei BMW Motoren,Austria area
Machine Learning Engineer for Autonomous Driving at BMW Group,美国 大匹兹堡地区
Fleet Engineer,英国 伦敦
IT Systems Engineer at BMW,英国 牛津
"Manufacturing Engineer at BMW Manufacturing Co., LLC",美国 大芝加哥地区
Testing Engineer at BMW Group Japan,德国 慕尼黑地区
Senior Software Engineer at BMW Group,美国 大芝加哥地区
Manufacturing Engineer Internship bei BMW,"Kreisfreie Stadt Aachen Area, Germany"
Field Engineer presso BMW Italia,意大利 米兰地区
Test Engineer bei BMW Group,德国 慕尼黑地区
packaging engineer at BMW-Brilliance Automotives Co.Ltd,中国 辽宁 沈阳
Mechanical Design Engineer at BMW Group,德国
Software Engineer at BMW Car IT,"Ulm Area, Germany"
Project Engineer at Intermass Engineering & Contracting Company L.L.C,阿联酋
Press Shop Mechanical Engineer at CJLR,中国 江苏 苏州
Safety Engineer at Unilever,埃及
Senior Application Engineer at GoPro,美国 旧金山湾区
Software Engineer at Improbable,英国 伦敦
Lead Mobile Engineer,美国 大芝加哥地区
Controls Engineer at Rivian,美国 大底特律地区
Master of Mechanical Engineering,波黑
Advanced Process Engineer,"Indianapolis, Indiana Area"
Software Engineer at Google,美国 旧金山湾区
Software Dev Engineer,美国 亚利桑那州 凤凰城
Automated Driving Engineer,德国 慕尼黑地区
Automation Engineer at Michelin,"Greenville, South Carolina Area"
Electrical Engineer at BMW,"Cochin Area, India"
Software Engineer at BMW,德国 慕尼黑地区
Engineer at Russel BMW,英国 伦敦
Engineer Design at Bmw,"Chennai Area, India"
Software Engineer at BMW,"Washim Area, India"
materials engineer at BMW,英国 牛津
Development Engineer at BMW,德国 慕尼黑地区
design engineer at bmw,"Stoke-on-Trent, United Kingdom"
Software Engineer for Autonomous Driving,"Ulm Area, Germany"
Ingénieur Acoustique at BMW Group,德国 慕尼黑地区
Junior Product Engineer at Grupo Antolin,德国 慕尼黑地区
Developpement Engineer bei BMW,德国 慕尼黑地区
Cost Engineer bei BMW,德国 慕尼黑地区
Junior Engineer,英国 牛津
"Berechnungsingenieur, CAE Engineer at BMW AG Niederlassung München via Quest Global Engineering Solution GmbH","Ahmedabad Area, India"
Electrical Project Manager at Bordrin Motor Corporation,中国 上海
Development Engineer at BMW and Student at Lueneburg University,德国
Engineer,德国 慕尼黑地区
Original,英国
Leiter Gesamtfahrzeug BMW Motorsport,德国 慕尼黑地区
Quality Melder at BMW Group,英国 伦敦
Software Developer Engineer,德国 慕尼黑地区
"Test Manager/Performance Test Lead at BMW of North America, LLC",美国 大纽约地区
Mechanical Design Engineer at Smith Miller Associates,"Scranton, Pennsylvania Area"
Automation Specialist at BMW Financial Services(TOSCA),"Cuttack Area, India"
"PLC Programming at BMW Manufacturing Co., LLC","Greenville, South Carolina Area"
Performance and Simulation at BMW Motorsport via HABO,德国 慕尼黑地区
Planning Engineer at BMW Manufacturing,"Greenville, South Carolina Area"
"Equipment Planner (Einrichstechnik), Sub-project team at BMW Dingolfing AG",南非 约翰内斯堡地区
"Logistics Engineer at BMW Manufacturing Co., LLC","Greenville, South Carolina Area"
Quality Engineer at BMW Group UK Limited,英国 牛津
Principal Software Engineer at BMW Technology Corporation,美国 大芝加哥地区
Senior Software Engineer at BMW Technology Corporation,美国 大芝加哥地区
Software Performance and Stability Engineer at BMW Group,德国 慕尼黑地区
Senior Software Engineer at BMW Group Malaysia,马来西亚 吉隆坡
CFD Engineer at HABO Engineering - BMW Motorsport,德国 慕尼黑地区
External Project Engineer at BMW plant SLP.,"San Luis Potosí Area, Mexico"
"Mechanical Engineer at BMW Manufacturing Co., LLC","Seram Area, India"
BMW Precision Machining Senior Quality Engineer,美国 大圣地亚哥地区
"Development Engineer at BMW of North America, LLC",美国 大纽约地区
Senior Supplier Quality Engineer at BMW Manufacturing,"Greenville, South Carolina Area"
Development engineer - mechatronic and light at BMW Group,德国 慕尼黑地区
Launch viability engineer at BMW group,英国 牛津
Project Engineer at IST / BMW Motorrad,德国 慕尼黑地区
"Data Analyst Engineer at Greene, Tweed",美国 大费城地区
Engenheiro de Seguran?a do Trabalho,"Manaus Area, Brazil"
Driving Assistance Specialist Engineer at BMW Group,德国 慕尼黑地区
Senior DevOps Engineer at BMW Financial Services,"Columbus, Ohio Area"
BMW AG Dingolfing,"Regensburg Area, Germany"
Quality Methods Engineer at BMW Manufacturing,"Greenville, South Carolina Area"
Quality Methods Engineer at BMW Manufacturing,"Greenville, South Carolina Area"
Cyber Security Engineer - Strong Authentication at BMW,"Greenville, South Carolina Area"
Engineer High-Voltage Battery Management at BMW,德国 慕尼黑地区
Health And Safety Engineer,"Greenville, South Carolina Area"
